<?xml version="1.0" encoding="UTF-8"?>
<list>
	<npc id="18463" points="5" minHellboundLvl="2" maxHellboundLvl="2" />	<!-- Remnant Diabolist -->
	<npc id="18464" points="5" minHellboundLvl="2" maxHellboundLvl="2" />	<!-- Remnant Diviner -->
	<npc id="18465" points="10000" minHellboundLvl="4" maxHellboundLvl="4" />	<!-- Derek -->
	<npc id="18484" points="7" minHellboundLvl="6" maxHellboundLvl="6" />	<!-- Naia Failan -->
	<npc id="22320" points="1" minHellboundLvl="1" maxHellboundLvl="1" />	<!-- Junior Watchman -->
	<npc id="22321" points="1" minHellboundLvl="1" maxHellboundLvl="1" />	<!-- Junior Summoner -->
	<npc id="22322" points="-10" minHellboundLvl="1" maxHellboundLvl="4" lowestTrustLimit="100020" />	<!-- Subjugated Native -->
	<npc id="22323" points="-10" minHellboundLvl="1" maxHellboundLvl="4" lowestTrustLimit="100020" />	<!-- Charmed Native -->
	<npc id="22324" points="1" minHellboundLvl="1" maxHellboundLvl="1" />	<!-- Blind Huntsman -->
	<npc id="22325" points="1" minHellboundLvl="1" maxHellboundLvl="1" />	<!-- Blind Watchman -->
	<npc id="22326" points="10000" minHellboundLvl="6" maxHellboundLvl="6" />	<!-- Hellinark -->
	<npc id="22327" points="3" minHellboundLvl="1" maxHellboundLvl="1" />	<!-- Arcane Scout -->
	<npc id="22328" points="1" minHellboundLvl="1" maxHellboundLvl="1" />	<!-- Arcane Guardian -->
	<npc id="22329" points="3" minHellboundLvl="1" maxHellboundLvl="1" />	<!-- Arcane Watchman -->
	<npc id="22341" points="200" minHellboundLvl="3" maxHellboundLvl="3" />	<!-- Keltas -->
	<npc id="22342" points="3" minHellboundLvl="3" maxHellboundLvl="3" />	<!-- Darion's Enforcer -->
	<npc id="22343" points="3" minHellboundLvl="3" maxHellboundLvl="3" />	<!-- Darion's Executioner -->
	<npc id="22344" points="1" minHellboundLvl="5" maxHellboundLvl="5" />	<!-- Quarry Supervisor -->
	<npc id="22345" points="1" minHellboundLvl="5" maxHellboundLvl="5" />	<!-- Quarry Bowman -->
	<npc id="22346" points="1" minHellboundLvl="5" maxHellboundLvl="5" />	<!-- Quarry Foreman -->
	<npc id="22347" points="1" minHellboundLvl="5" maxHellboundLvl="5" />	<!-- Quarry Patrolman -->
	<npc id="22359" points="4" minHellboundLvl="10" maxHellboundLvl="10" />	<!-- Town Guard -->
	<npc id="22360" points="4" minHellboundLvl="10" maxHellboundLvl="10" />	<!-- Town Patrolman -->
	<npc id="22361" points="4" minHellboundLvl="10" maxHellboundLvl="10" />	<!-- Steel Citadel Keymaster -->
	<npc id="22362" points="200" minHellboundLvl="10" maxHellboundLvl="11" />	<!-- Guzen -->
	<npc id="22363" points="10" minHellboundLvl="10" maxHellboundLvl="11" />	<!-- Body Destroyer -->
	<npc id="22364" points="5" minHellboundLvl="10" maxHellboundLvl="11" />	<!-- Soul Dominator -->
	<npc id="22365" points="10" minHellboundLvl="10" maxHellboundLvl="11" />	<!-- Labyrinth Watchman -->
	<npc id="22366" points="10" minHellboundLvl="10" maxHellboundLvl="11" />	<!-- Labyrinth Watchman -->
	<npc id="22367" points="10" minHellboundLvl="10" maxHellboundLvl="11" />	<!-- Labyrinth Mystic -->
	<npc id="22368" points="10" minHellboundLvl="10" maxHellboundLvl="11" />	<!-- Labyrinth Captain -->
	<npc id="22369" points="10" minHellboundLvl="10" maxHellboundLvl="11" />	<!-- Labyrinth Seer -->
	<npc id="22370" points="15" minHellboundLvl="10" maxHellboundLvl="11" />	<!-- Passageway Captain -->
	<npc id="22371" points="15" minHellboundLvl="10" maxHellboundLvl="11" />	<!-- Passageway Guards -->
	<npc id="22372" points="15" minHellboundLvl="10" maxHellboundLvl="11" />	<!-- Passageway Mystic -->
	<npc id="22373" points="10" minHellboundLvl="10" maxHellboundLvl="11" />	<!-- Cosmic Scout -->
	<npc id="22374" points="15" minHellboundLvl="10" maxHellboundLvl="11" />	<!-- Cosmic Watcher -->
	<npc id="22375" points="20" minHellboundLvl="10" maxHellboundLvl="11" />	<!-- Cosmic Priest -->
	<npc id="22376" points="15" minHellboundLvl="10" maxHellboundLvl="11" />	<!-- Cosmic Lord -->
	<npc id="22404" points="6" minHellboundLvl="1" maxHellboundLvl="1" />	<!-- Arcane Captain -->
	<npc id="22422" points="3" minHellboundLvl="6" maxHellboundLvl="6" />	<!-- Failan's Guard -->
	<npc id="22448" points="-400" minHellboundLvl="5" maxHellboundLvl="100" />	<!-- Leodas -->
	<npc id="22449" points="50" minHellboundLvl="10" maxHellboundLvl="100" />	<!-- Amaskari -->
	<npc id="22450" points="-15" minHellboundLvl="10" maxHellboundLvl="100" />	<!-- Tortured Native -->
	<npc id="25540" points="300" minHellboundLvl="11" maxHellboundLvl="11" />	<!-- Demon Prince -->
	<npc id="25542" points="300" minHellboundLvl="11" maxHellboundLvl="11" />	<!-- Ranku -->
	<npc id="32299" points="-20" minHellboundLvl="1" maxHellboundLvl="100" lowestTrustLimit="100050" />	<!-- Quarry Slave -->
</list>